3f,lockout.bin
01,xdev.bin
02,dos.bin
03,pexec.bin
04,deadbeef_8k.bin
05,deadbeef_8k.bin
06,deadbeef_8k.bin
07,deadbeef_8k.bin
08,deadbeef_8k.bin
09,deadbeef_8k.bin
0a,deadbeef_8k.bin
0b,deadbeef_8k.bin
0c,deadbeef_8k.bin
0d,deadbeef_8k.bin
0e,deadbeef_8k.bin
0f,deadbeef_8k.bin
10,deadbeef_8k.bin
11,deadbeef_8k.bin
12,deadbeef_8k.bin
13,deadbeef_8k.bin
14,deadbeef_8k.bin
15,deadbeef_8k.bin
16,deadbeef_8k.bin
17,deadbeef_8k.bin
18,deadbeef_8k.bin
19,deadbeef_8k.bin
1a,deadbeef_8k.bin
1b,deadbeef_8k.bin
1c,deadbeef_8k.bin
1d,deadbeef_8k.bin
1e,deadbeef_8k.bin
1f,deadbeef_8k.bin
20,deadbeef_8k.bin
21,deadbeef_8k.bin
22,deadbeef_8k.bin
23,deadbeef_8k.bin
24,deadbeef_8k.bin
25,deadbeef_8k.bin
26,deadbeef_8k.bin
27,deadbeef_8k.bin
28,deadbeef_8k.bin
29,deadbeef_8k.bin
2a,deadbeef_8k.bin
2b,deadbeef_8k.bin
2c,deadbeef_8k.bin
2d,deadbeef_8k.bin
2e,deadbeef_8k.bin
2f,deadbeef_8k.bin
30,deadbeef_8k.bin
31,deadbeef_8k.bin
32,deadbeef_8k.bin
33,deadbeef_8k.bin
34,deadbeef_8k.bin
35,deadbeef_8k.bin
36,deadbeef_8k.bin
37,deadbeef_8k.bin
38,deadbeef_8k.bin
39,deadbeef_8k.bin
3a,deadbeef_8k.bin
3b,3b.bin
3c,3c.bin
3d,3d.bin
3e,3e.bin
3f,3f.bin
