3f,lockout.bin
01,xdev.bin
02,dos.bin
03,pexec.bin
04,null_8k.bin
05,null_8k.bin
06,null_8k.bin
07,null_8k.bin
08,null_8k.bin
09,null_8k.bin
0a,null_8k.bin
0b,null_8k.bin
0c,null_8k.bin
0d,null_8k.bin
0e,null_8k.bin
0f,null_8k.bin
10,null_8k.bin
11,null_8k.bin
12,null_8k.bin
13,null_8k.bin
14,null_8k.bin
15,null_8k.bin
16,null_8k.bin
17,null_8k.bin
18,null_8k.bin
19,null_8k.bin
1a,null_8k.bin
1b,null_8k.bin
1c,null_8k.bin
1d,null_8k.bin
1e,null_8k.bin
1f,null_8k.bin
20,null_8k.bin
21,null_8k.bin
22,null_8k.bin
23,null_8k.bin
24,null_8k.bin
25,null_8k.bin
26,null_8k.bin
27,null_8k.bin
28,null_8k.bin
29,null_8k.bin
2a,null_8k.bin
2b,null_8k.bin
2c,null_8k.bin
2d,null_8k.bin
2e,null_8k.bin
2f,null_8k.bin
30,null_8k.bin
31,null_8k.bin
32,null_8k.bin
33,null_8k.bin
34,null_8k.bin
35,null_8k.bin
36,null_8k.bin
37,null_8k.bin
38,null_8k.bin
39,null_8k.bin
3a,null_8k.bin
3b,3b.bin
3c,3c.bin
3d,3d.bin
3e,3e.bin
3f,3f.bin
